number,caller_id,category,subcategory,urgency,impact,priority,state,short_description,description,assigned_to,assignment_group,opened_at,resolved_at,closed_at
INC0010001,Abel Tuter,Software,Email,1,1,1,1,Email server is down users cannot send or receive emails,The main email server has stopped responding. All users are affected and cannot send or receive any emails.,Beth Anglin,Service Desk,2026-01-02 08:15:00,,
INC0010002,Aileen Mottern,Network,VPN,1,2,2,2,VPN connection failing for remote employees,Multiple remote employees reporting VPN drops every 10-15 minutes. Affecting productivity.,Don Goodliffe,Network Support,2026-01-02 09:00:00,,
INC0010003,Abraham Lincoln,Hardware,Printer,2,3,3,1,Printer on 3rd floor not responding to print jobs,HP LaserJet on 3rd floor has been offline since morning. Users redirected to 2nd floor printer.,Fred Luddy,Hardware Support,2026-01-02 09:30:00,,
INC0010004,Adela Cervantsz,Software,Microsoft Office,2,2,2,2,Microsoft Teams application crashing on startup,Teams crashes immediately after launch on Windows 10 machines. Issue started after last night patch update.,Beth Anglin,Software Support,2026-01-02 10:00:00,,
INC0010005,Abel Tuter,Network,File Share,3,3,4,1,User unable to access shared network drive,Cannot access the S: drive from workstation. Other users on same floor can access it fine.,Don Goodliffe,Network Support,2026-01-02 10:30:00,,
INC0010006,Aileen Mottern,Database,Performance,1,1,1,1,Database server running at 95 percent CPU performance degraded,Production database CPU spiked to 95% at 10am. Queries timing out affecting all business operations.,Fred Luddy,Database Admin,2026-01-02 11:00:00,,
INC0010007,Abraham Lincoln,Software,Access,2,2,2,6,Password reset request for locked account,User account locked after multiple failed login attempts. Password reset and account unlocked.,Beth Anglin,Service Desk,2026-01-02 11:30:00,2026-01-02 12:00:00,2026-01-02 12:30:00
INC0010008,Adela Cervantsz,Hardware,Monitor,3,3,4,6,Monitor display flickering intermittently on workstation,Dell monitor flickers every few minutes. Replaced VGA cable and issue resolved.,Fred Luddy,Hardware Support,2026-01-02 12:00:00,2026-01-02 14:00:00,2026-01-02 14:30:00
INC0010009,Abel Tuter,Software,License,2,2,2,1,Software license expired for Adobe Acrobat,Adobe Acrobat Pro license expired. User cannot open or edit PDF files required for daily work.,Beth Anglin,Software Support,2026-01-02 12:30:00,,
INC0010010,Aileen Mottern,Network,Connectivity,3,2,3,2,Slow internet connectivity reported in conference room B,Wifi speeds in conference room B dropping below 5 Mbps during peak hours. Router may need restart.,Don Goodliffe,Network Support,2026-01-02 13:00:00,,
INC0010011,Abraham Lincoln,Hardware,Laptop,1,2,2,1,Laptop not booting - black screen after logo,Laptop shows Dell logo then black screen. Tried hard reset multiple times. No response.,Fred Luddy,Hardware Support,2026-01-03 08:00:00,,
INC0010012,Adela Cervantsz,Software,ERP,1,1,1,2,SAP system login failure for finance team,Finance team unable to log into SAP since 8am. Month-end closing activities blocked.,Beth Anglin,ERP Support,2026-01-03 08:30:00,,
INC0010013,Abel Tuter,Network,DNS,2,2,2,1,DNS resolution failing for internal websites,Internal company websites not resolving. External websites work fine. Likely DNS server issue.,Don Goodliffe,Network Support,2026-01-03 09:00:00,,
INC0010014,Aileen Mottern,Software,Antivirus,3,3,4,6,Antivirus software showing outdated definitions,Antivirus definitions 3 days old. Forced update completed and definitions now current.,Fred Luddy,Security Team,2026-01-03 09:30:00,2026-01-03 10:00:00,2026-01-03 10:30:00
INC0010015,Abraham Lincoln,Hardware,Keyboard,3,3,4,6,Several keys not working on keyboard,Spacebar and Enter key stuck on user keyboard. Replaced with spare keyboard from IT stock.,Beth Anglin,Hardware Support,2026-01-03 10:00:00,2026-01-03 10:30:00,2026-01-03 11:00:00
INC0010016,Adela Cervantsz,Network,Firewall,1,1,1,1,Firewall blocking legitimate business traffic,Firewall update blocking access to vendor portal needed for procurement. Urgent business impact.,Don Goodliffe,Network Security,2026-01-03 10:30:00,,
INC0010017,Abel Tuter,Software,Browser,2,3,3,2,Chrome browser not loading internal applications,Chrome throwing SSL errors on internal apps after browser update. Firefox works as workaround.,Fred Luddy,Software Support,2026-01-03 11:00:00,,
INC0010018,Aileen Mottern,Hardware,Server,1,1,1,1,Web server disk space at 98 percent capacity,Production web server disk at 98%. Risk of service outage if not resolved within hours.,Beth Anglin,Server Team,2026-01-03 11:30:00,,
INC0010019,Abraham Lincoln,Software,Backup,2,2,2,2,Nightly backup job failed for 3 consecutive nights,Backup jobs failing since Monday. No error logs captured. Risk of data loss if not fixed.,Don Goodliffe,Backup Team,2026-01-03 12:00:00,,
INC0010020,Adela Cervantsz,Hardware,Phone,3,3,4,6,Desk phone not receiving incoming calls,Desk phone extension 4521 not ringing for incoming calls. Reprogrammed extension and resolved.,Fred Luddy,Telecom Support,2026-01-03 12:30:00,2026-01-03 13:30:00,2026-01-03 14:00:00
INC0010021,Abel Tuter,Software,Email,2,2,2,1,Email attachment size limit blocking business files,Users unable to send files larger than 10MB. Business requirement needs 25MB limit.,Beth Anglin,Email Support,2026-01-04 08:00:00,,
INC0010022,Aileen Mottern,Network,Wireless,2,2,2,2,Wifi dropping connections in building west wing,20+ users reporting intermittent wifi drops in west wing. Access point may need replacement.,Don Goodliffe,Network Support,2026-01-04 08:30:00,,
INC0010023,Abraham Lincoln,Hardware,Desktop,2,3,3,1,Desktop computer running extremely slow,User desktop taking 15 minutes to boot. CPU at 100% even at idle. Possible malware infection.,Fred Luddy,Hardware Support,2026-01-04 09:00:00,,
INC0010024,Adela Cervantsz,Software,CRM,1,2,2,2,CRM system not syncing with email client,Salesforce emails not logging automatically. Sales team manually logging all communications.,Beth Anglin,CRM Support,2026-01-04 09:30:00,,
INC0010025,Abel Tuter,Network,Load Balancer,1,1,1,1,Load balancer failing over to single node,Primary load balancer node failed. Running on single node with no redundancy. Risk of outage.,Don Goodliffe,Network Infrastructure,2026-01-04 10:00:00,,
INC0010026,Aileen Mottern,Software,Access,2,2,2,6,New employee cannot access required systems,New hire from Jan 3 still missing access to HR portal and project management tool.,Fred Luddy,Service Desk,2026-01-04 10:30:00,2026-01-04 11:30:00,2026-01-04 12:00:00
INC0010027,Abraham Lincoln,Hardware,Scanner,3,3,4,1,Document scanner not detected by computer,Canon scanner not showing up in Windows device manager. Driver may need reinstallation.,Beth Anglin,Hardware Support,2026-01-04 11:00:00,,
INC0010028,Adela Cervantsz,Software,Reporting,2,2,2,2,Monthly sales report generating incorrect figures,Sales report showing duplicate entries for Q4. Finance needs corrected report by end of week.,Don Goodliffe,BI Team,2026-01-04 11:30:00,,
INC0010029,Abel Tuter,Network,Switch,1,1,1,1,Network switch failure causing floor outage,Floor 5 network switch failed. 30 users completely offline. Spare switch being installed.,Fred Luddy,Network Infrastructure,2026-01-04 12:00:00,,
INC0010030,Aileen Mottern,Software,Mobile,3,3,4,6,Mobile app not pushing notifications,Company mobile app not sending push notifications on iOS. Re-enrolled device and resolved.,Beth Anglin,Mobile Support,2026-01-04 12:30:00,2026-01-04 14:00:00,2026-01-04 14:30:00
INC0010031,Abraham Lincoln,Hardware,UPS,1,1,1,1,UPS battery failure in server room,Server room UPS showing battery fault. Risk of unprotected outage during power fluctuation.,Don Goodliffe,Facilities IT,2026-01-05 08:00:00,,
INC0010032,Adela Cervantsz,Software,Database,2,2,2,2,Database connection pool exhausted during peak hours,Application throwing connection timeout errors between 9-11am daily. Pool size needs increase.,Fred Luddy,Database Admin,2026-01-05 08:30:00,,
INC0010033,Abel Tuter,Network,Proxy,2,2,2,1,Web proxy blocking approved vendor websites,Proxy filtering blocking access to approved vendor support sites. Whitelist update needed.,Beth Anglin,Network Security,2026-01-05 09:00:00,,
INC0010034,Aileen Mottern,Software,Authentication,1,2,2,2,Multi-factor authentication not sending SMS codes,MFA SMS codes not being received by users. Authentication backup codes being used temporarily.,Don Goodliffe,Security Team,2026-01-05 09:30:00,,
INC0010035,Abraham Lincoln,Hardware,Projector,3,3,4,6,Conference room projector not displaying laptop screen,HDMI connection issue with projector in room 101. Adapter replaced and working now.,Fred Luddy,Hardware Support,2026-01-05 10:00:00,2026-01-05 10:45:00,2026-01-05 11:00:00
INC0010036,Adela Cervantsz,Network,BGP,1,1,1,1,BGP route flapping causing intermittent internet outages,Internet connectivity dropping every 20-30 minutes. ISP notified. BGP configuration under review.,Beth Anglin,Network Infrastructure,2026-01-05 10:30:00,,
INC0010037,Abel Tuter,Software,Patch,2,2,2,2,Security patch deployment failed on 15 workstations,January security patches failed to install on 15 machines. Manual deployment required.,Don Goodliffe,Patch Management,2026-01-05 11:00:00,,
INC0010038,Aileen Mottern,Hardware,Memory,2,2,2,1,Server memory error causing application crashes,Application server throwing memory errors. RAM module may be faulty. Diagnostics running.,Fred Luddy,Server Team,2026-01-05 11:30:00,,
INC0010039,Abraham Lincoln,Software,Calendar,3,3,4,6,Outlook calendar not syncing with mobile device,Outlook calendar events not appearing on iPhone. Re-configured Exchange account and resolved.,Beth Anglin,Email Support,2026-01-05 12:00:00,2026-01-05 13:00:00,2026-01-05 13:30:00
INC0010040,Adela Cervantsz,Network,DHCP,2,2,2,1,DHCP server not assigning IPs in east building,New devices in east building not getting IP addresses. DHCP scope may be exhausted.,Don Goodliffe,Network Support,2026-01-05 12:30:00,,
INC0010041,Abel Tuter,Software,ERP,1,1,1,2,ERP system interface timeout during order processing,Order entry system timing out after 30 seconds. 50 orders backlogged. Revenue impact.,Fred Luddy,ERP Support,2026-01-06 08:00:00,,
INC0010042,Aileen Mottern,Hardware,Webcam,3,3,4,6,Webcam not recognized in video conferencing apps,Logitech webcam not detected in Zoom and Teams. Updated driver and now working.,Beth Anglin,Hardware Support,2026-01-06 08:30:00,2026-01-06 09:30:00,2026-01-06 10:00:00
INC0010043,Abraham Lincoln,Network,VoIP,2,2,2,1,VoIP call quality degraded - choppy audio,All VoIP calls experiencing choppy audio and drops. QoS settings on switch may need adjustment.,Don Goodliffe,Telecom Support,2026-01-06 09:00:00,,
INC0010044,Adela Cervantsz,Software,Permissions,2,2,2,2,User group permissions incorrectly configured after migration,After AD migration users in Sales group lost access to shared folders. Permissions being corrected.,Fred Luddy,Active Directory,2026-01-06 09:30:00,,
INC0010045,Abel Tuter,Hardware,Power,1,1,1,1,Power outage in server room affecting production systems,Partial power failure in server room. 3 servers down. Facilities and IT working on restoration.,Beth Anglin,Facilities IT,2026-01-06 10:00:00,,
INC0010046,Aileen Mottern,Software,Integration,2,2,2,1,API integration between HR and payroll system broken,HR system not sending employee data to payroll. Payroll run scheduled for Friday at risk.,Don Goodliffe,Integration Team,2026-01-06 10:30:00,,
INC0010047,Abraham Lincoln,Hardware,SSD,2,2,2,2,SSD showing SMART errors on developer workstation,Disk health check showing reallocated sectors. Backup in progress before drive replacement.,Fred Luddy,Hardware Support,2026-01-06 11:00:00,,
INC0010048,Adela Cervantsz,Software,Chat,3,3,4,6,Internal chat tool showing offline status for all users,Slack showing everyone as offline despite being active. Cache cleared and issue resolved.,Beth Anglin,Software Support,2026-01-06 11:30:00,2026-01-06 12:30:00,2026-01-06 13:00:00
INC0010049,Abel Tuter,Network,Routing,1,1,1,1,Critical routing issue causing packet loss across WAN,15% packet loss detected across WAN links. Affecting inter-office communications and applications.,Don Goodliffe,Network Infrastructure,2026-01-06 12:00:00,,
INC0010050,Aileen Mottern,Software,Reporting,3,3,4,6,Scheduled report not delivered via email,Weekly KPI report not delivered Monday morning. SMTP relay configuration corrected.,Fred Luddy,BI Team,2026-01-06 12:30:00,2026-01-06 14:00:00,2026-01-06 14:30:00
INC0010051,Abraham Lincoln,Hardware,NIC,2,2,2,1,Network interface card failing on database server,Database server NIC showing errors in event log. Intermittent connectivity. Replacement needed.,Beth Anglin,Server Team,2026-01-07 08:00:00,,
INC0010052,Adela Cervantsz,Software,Email,1,1,1,2,Phishing email campaign bypassed spam filter,Malicious emails reaching user inboxes. Security team investigating and updating filters.,Don Goodliffe,Security Team,2026-01-07 08:30:00,,
INC0010053,Abel Tuter,Network,WiFi,2,2,2,1,WiFi authentication failing for guest network,Guest WiFi portal not loading. Visitors unable to connect to internet. Certificate may be expired.,Fred Luddy,Network Support,2026-01-07 09:00:00,,
INC0010054,Aileen Mottern,Software,Database,2,2,2,2,Database deadlock causing transaction rollbacks,Application logs showing frequent deadlocks in order processing tables. DBA investigating.,Beth Anglin,Database Admin,2026-01-07 09:30:00,,
INC0010055,Abraham Lincoln,Hardware,RAM,3,3,4,6,Computer freezing randomly requiring hard restart,Workstation freezing several times per day. RAM test found faulty module. Replaced and stable.,Don Goodliffe,Hardware Support,2026-01-07 10:00:00,2026-01-07 13:00:00,2026-01-07 13:30:00
INC0010056,Adela Cervantsz,Software,License,1,2,2,1,Enterprise software license server unreachable,License server offline. Users cannot launch any licensed applications across the organization.,Fred Luddy,Software Support,2026-01-07 10:30:00,,
INC0010057,Abel Tuter,Network,DNS,2,2,2,2,Secondary DNS server not resolving external domains,Secondary DNS failing external lookups. All traffic routing through primary creating bottleneck.,Beth Anglin,Network Support,2026-01-07 11:00:00,,
INC0010058,Aileen Mottern,Hardware,Cooling,1,1,1,1,Server room temperature exceeding safe threshold,Server room temp at 85F and rising. Cooling unit malfunction. Servers at risk of thermal shutdown.,Don Goodliffe,Facilities IT,2026-01-07 11:30:00,,
INC0010059,Abraham Lincoln,Software,Portal,2,3,3,2,Employee self-service portal returning 500 errors,IT portal showing internal server error for password reset and ticket submission pages.,Fred Luddy,Web Team,2026-01-07 12:00:00,,
INC0010060,Adela Cervantsz,Hardware,Battery,3,3,4,6,Laptop battery not charging past 20 percent,Laptop battery stuck at 20%. Battery health check confirmed degraded cell. Battery replaced.,Beth Anglin,Hardware Support,2026-01-07 12:30:00,2026-01-07 14:30:00,2026-01-07 15:00:00
INC0010061,Abel Tuter,Software,ERP,1,1,1,1,ERP month-end close process failing at step 7,Month-end close stuck at journal posting step. Finance deadline in 2 hours. Escalated to vendor.,Don Goodliffe,ERP Support,2026-01-08 08:00:00,,
INC0010062,Aileen Mottern,Network,Firewall,2,2,2,2,Firewall rule misconfiguration after change window,Last nights firewall change blocked internal API calls between microservices. Rolling back.,Fred Luddy,Network Security,2026-01-08 08:30:00,,
INC0010063,Abraham Lincoln,Hardware,GPU,2,2,2,1,Graphics card driver causing blue screen of death,Workstation BSOD after GPU driver update. Rolled back driver as temporary fix.,Beth Anglin,Hardware Support,2026-01-08 09:00:00,,
INC0010064,Adela Cervantsz,Software,Automation,2,2,2,2,Automated workflow failing to trigger on record creation,Flow Designer workflow not triggering for new incident records. Business rule conflict suspected.,Don Goodliffe,Platform Team,2026-01-08 09:30:00,,
INC0010065,Abel Tuter,Hardware,Printer,3,3,4,6,Network printer printing garbled text,Printer producing pages of random characters. Cleared print queue and reinstalled driver.,Fred Luddy,Hardware Support,2026-01-08 10:00:00,2026-01-08 11:00:00,2026-01-08 11:30:00
INC0010066,Aileen Mottern,Software,Access,1,1,1,1,Ransomware detected on employee workstation,Security alert triggered. Workstation isolated from network. IR team engaged. Investigation ongoing.,Beth Anglin,Security Team,2026-01-08 10:30:00,,
INC0010067,Abraham Lincoln,Network,Bandwidth,2,2,2,1,Bandwidth saturation on primary WAN link,WAN link at 98% utilization since 9am. Traffic analysis shows large backup job consuming bandwidth.,Don Goodliffe,Network Infrastructure,2026-01-08 11:00:00,,
INC0010068,Adela Cervantsz,Software,Update,3,3,4,6,Windows update stuck at 35 percent for 6 hours,Windows update hanging during installation. Hard reset and manual update applied successfully.,Fred Luddy,Patch Management,2026-01-08 11:30:00,2026-01-08 14:00:00,2026-01-08 14:30:00
INC0010069,Abel Tuter,Hardware,Server,1,1,1,2,Application server running out of memory causing crashes,App server hitting memory ceiling at peak load. Application recycling every 2 hours. Memory upgrade ordered.,Beth Anglin,Server Team,2026-01-08 12:00:00,,
INC0010070,Aileen Mottern,Software,Notification,3,3,4,6,System alerts not being sent to on-call team,PagerDuty integration broken. Alerts not routing to on-call. Webhook URL updated and tested.,Don Goodliffe,Monitoring Team,2026-01-08 12:30:00,2026-01-08 13:30:00,2026-01-08 14:00:00
INC0010071,Abraham Lincoln,Software,ERP,2,2,2,1,Inventory module showing incorrect stock levels,ERP inventory count mismatches physical count by 200 units. Likely sync issue from last week.,Fred Luddy,ERP Support,2026-01-09 08:00:00,,
INC0010072,Adela Cervantsz,Network,SSL,1,1,1,1,SSL certificate expired on customer portal,Customer-facing portal showing security warning. Certificate expired at midnight. Renewal urgent.,Beth Anglin,Web Team,2026-01-09 08:30:00,,
INC0010073,Abel Tuter,Hardware,Switch,2,2,2,2,Managed switch losing configuration after reboot,Network switch config not persisting after power cycle. Startup config not being saved properly.,Don Goodliffe,Network Infrastructure,2026-01-09 09:00:00,,
INC0010074,Aileen Mottern,Software,Monitoring,2,3,3,1,Monitoring dashboard not showing real-time metrics,Grafana dashboard showing stale data from 2 hours ago. Prometheus scrape job may have failed.,Fred Luddy,Monitoring Team,2026-01-09 09:30:00,,
INC0010075,Abraham Lincoln,Hardware,Dock,3,3,4,6,USB dock not charging laptop or detecting monitors,Dell dock stopped working after Windows update. Firmware update applied and dock working.,Beth Anglin,Hardware Support,2026-01-09 10:00:00,2026-01-09 11:00:00,2026-01-09 11:30:00
INC0010076,Adela Cervantsz,Software,CI/CD,1,1,1,1,Production deployment pipeline broken blocking releases,CI/CD pipeline failing at build stage. No releases can be pushed to production. Dev team blocked.,Don Goodliffe,DevOps Team,2026-01-09 10:30:00,,
INC0010077,Abel Tuter,Network,ACL,2,2,2,2,Access control list blocking inter-department communication,HR and Finance unable to communicate over internal network after ACL update. Reviewing rules.,Fred Luddy,Network Security,2026-01-09 11:00:00,,
INC0010078,Aileen Mottern,Software,Backup,1,2,2,1,Cloud backup failing for critical file server,Azure backup jobs failing for file server. 72 hours of backup gap. Investigating storage account.,Beth Anglin,Backup Team,2026-01-09 11:30:00,,
INC0010079,Abraham Lincoln,Hardware,Rack,2,2,2,2,Server rack PDU showing power distribution errors,PDU in rack B reporting phase imbalance. Risk of tripping breaker. Load being redistributed.,Don Goodliffe,Facilities IT,2026-01-09 12:00:00,,
INC0010080,Adela Cervantsz,Software,Mobile,3,3,4,6,MDM policy preventing camera use on work phones,Mobile device policy incorrectly blocking camera app needed for field inspections. Policy updated.,Fred Luddy,Mobile Support,2026-01-09 12:30:00,2026-01-09 14:00:00,2026-01-09 14:30:00
INC0010081,Abel Tuter,Software,Email,2,2,2,1,Distribution list not delivering to all members,Marketing DL missing 5 members after HR sync. Members added back to group manually.,Beth Anglin,Email Support,2026-01-10 08:00:00,,
INC0010082,Aileen Mottern,Network,WAN,1,1,1,2,WAN link to branch office completely down,Branch office in Austin completely disconnected. 45 users offline. ISP escalation in progress.,Don Goodliffe,Network Infrastructure,2026-01-10 08:30:00,,
INC0010083,Abraham Lincoln,Hardware,Motherboard,2,2,2,1,Workstation randomly shutting down due to motherboard fault,System event log showing motherboard errors. Random shutdowns 3x per day. Replacement ordered.,Fred Luddy,Hardware Support,2026-01-10 09:00:00,,
INC0010084,Adela Cervantsz,Software,Virtualization,1,1,1,2,VMware vSphere cluster losing quorum,vSphere cluster showing split-brain condition. VMs migrating unexpectedly. vCenter team engaged.,Beth Anglin,Virtualization Team,2026-01-10 09:30:00,,
INC0010085,Abel Tuter,Network,QoS,2,2,2,6,QoS policy not prioritizing VoIP traffic correctly,Voice calls degraded due to incorrect QoS tagging. DSCP markings corrected on WAN router.,Don Goodliffe,Network Infrastructure,2026-01-10 10:00:00,2026-01-10 12:00:00,2026-01-10 12:30:00
INC0010086,Aileen Mottern,Software,Identity,1,1,1,1,Active Directory replication failure between DCs,AD replication failing between primary and secondary domain controllers. Risk of auth issues.,Fred Luddy,Active Directory,2026-01-10 10:30:00,,
INC0010087,Abraham Lincoln,Hardware,Tape,2,2,2,2,Tape backup drive reporting hardware error,Tape library showing drive fault. Last 3 tape backups incomplete. Drive replacement requested.,Beth Anglin,Backup Team,2026-01-10 11:00:00,,
INC0010088,Adela Cervantsz,Software,ITSM,2,3,3,1,ServiceNow import failing for employee data sync,Scheduled import set failing with transform map errors. HR data not syncing to ITSM tool.,Don Goodliffe,Platform Team,2026-01-10 11:30:00,,
INC0010089,Abel Tuter,Network,Spanning Tree,1,1,1,1,Spanning tree loop causing network broadcast storm,Broadcast storm detected on floor 3 network. Spanning tree misconfiguration. Port shutting down.,Fred Luddy,Network Infrastructure,2026-01-10 12:00:00,,
INC0010090,Aileen Mottern,Software,Portal,3,3,4,6,Self-service password reset portal timing out,Password reset portal taking over 60 seconds to load. Cache cleared on web server. Now fast.,Beth Anglin,Web Team,2026-01-10 12:30:00,2026-01-10 13:30:00,2026-01-10 14:00:00
INC0010091,Abraham Lincoln,Software,Analytics,2,2,2,1,Business intelligence reports not reflecting today data,Power BI reports showing yesterday data. ETL pipeline may not have run this morning.,Don Goodliffe,BI Team,2026-01-11 08:00:00,,
INC0010092,Adela Cervantsz,Hardware,Power Supply,1,1,1,1,Redundant power supply failed in critical server,Server PSU failed. Running on single PSU with no redundancy. Replacement PSU needed urgently.,Fred Luddy,Server Team,2026-01-11 08:30:00,,
INC0010093,Abel Tuter,Network,Multicast,2,2,2,2,Multicast routing causing video stream buffering,Video conferencing buffering for 200 users. Multicast routing table being examined.,Beth Anglin,Network Infrastructure,2026-01-11 09:00:00,,
INC0010094,Aileen Mottern,Software,Compliance,1,1,1,1,Audit log service stopped recording events,Security audit logs not being written since 2am. Compliance violation risk. Service restarted.,Don Goodliffe,Security Team,2026-01-11 09:30:00,,
INC0010095,Abraham Lincoln,Hardware,KVM,3,3,4,6,KVM switch not toggling between servers correctly,KVM switch skipping server 3 in rotation. Firmware updated and all servers now accessible.,Fred Luddy,Server Team,2026-01-11 10:00:00,2026-01-11 11:00:00,2026-01-11 11:30:00
INC0010096,Adela Cervantsz,Software,Email,2,2,2,1,Shared mailbox not accessible after Office 365 migration,Finance shared mailbox inaccessible post-migration. Permissions need to be re-delegated in O365.,Beth Anglin,Email Support,2026-01-11 10:30:00,,
INC0010097,Abel Tuter,Network,MPLS,1,1,1,2,MPLS circuit to data center showing packet loss,20% packet loss on MPLS circuit to primary data center. Applications severely degraded.,Don Goodliffe,Network Infrastructure,2026-01-11 11:00:00,,
INC0010098,Aileen Mottern,Hardware,RAID,1,1,1,1,RAID array degraded after disk failure on file server,One disk failed in RAID 5 array. Running degraded. Hot spare not auto-rebuilding. Data at risk.,Fred Luddy,Server Team,2026-01-11 11:30:00,,
INC0010099,Abraham Lincoln,Software,Workflow,2,2,2,2,Approval workflow stuck in pending state for 48 hours,Purchase order approval workflow not routing to manager. Stuck at step 2 for 2 days. PO blocked.,Beth Anglin,Platform Team,2026-01-11 12:00:00,,
INC0010100,Adela Cervantsz,Network,Connectivity,3,3,4,6,Single user unable to connect to internal wiki,Confluence access blocked for one user after role change. Group membership corrected.,Don Goodliffe,Network Support,2026-01-11 12:30:00,2026-01-11 13:30:00,2026-01-11 14:00:00
INC0010101,Abel Tuter,Software,ERP,1,1,1,1,ERP pricing engine returning incorrect calculations,Product pricing showing wrong values in customer quotes. Revenue impact if orders processed.,Fred Luddy,ERP Support,2026-01-12 08:00:00,,
INC0010102,Aileen Mottern,Hardware,Fiber,1,1,1,2,Fiber cut affecting primary data center connectivity,Physical fiber cut detected between campus and data center. Telecom provider dispatched.,Beth Anglin,Network Infrastructure,2026-01-12 08:30:00,,
INC0010103,Abraham Lincoln,Software,IAM,2,2,2,1,Identity provider SSO not working for cloud apps,Okta SSO failing for Google Workspace and Salesforce. Users prompted for passwords manually.,Don Goodliffe,Identity Team,2026-01-12 09:00:00,,
INC0010104,Adela Cervantsz,Hardware,SAN,1,1,1,2,SAN storage latency spike causing application slowdown,Storage latency increased 10x since midnight. Applications loading slowly. SAN vendor engaged.,Fred Luddy,Storage Team,2026-01-12 09:30:00,,
INC0010105,Abel Tuter,Software,Monitoring,2,3,3,1,Log aggregation service not indexing new log files,Splunk not ingesting logs from web servers since 6am. Forwarder service crashed on web01.,Beth Anglin,Monitoring Team,2026-01-12 10:00:00,,
INC0010106,Aileen Mottern,Network,Tunnel,2,2,2,2,IPsec tunnel to partner network dropping frequently,IPsec tunnel to vendor site dropping every 4 hours. Phase 2 rekey timeout suspected.,Don Goodliffe,Network Security,2026-01-12 10:30:00,,
INC0010107,Abraham Lincoln,Hardware,Touchscreen,3,3,4,6,Touchscreen kiosk in lobby unresponsive to touch,Lobby kiosk touchscreen not responding. Screen cleaned and recalibrated. Now working.,Fred Luddy,Hardware Support,2026-01-12 11:00:00,2026-01-12 12:00:00,2026-01-12 12:30:00
INC0010108,Adela Cervantsz,Software,Containerization,1,1,1,1,Kubernetes cluster node in NotReady state,K8s production cluster has 2 nodes in NotReady. Pod scheduling failing. Platform team paged.,Beth Anglin,DevOps Team,2026-01-12 11:30:00,,
INC0010109,Abel Tuter,Software,API,2,2,2,2,REST API returning 503 errors under normal load,Payment API returning 503 errors intermittently. Load balancer health checks failing on node 3.,Don Goodliffe,Integration Team,2026-01-12 12:00:00,,
INC0010110,Aileen Mottern,Hardware,Headset,3,3,4,6,Headset microphone not working in Teams calls,USB headset mic not recognized. Updated audio driver and headset now working in Teams.,Fred Luddy,Hardware Support,2026-01-12 12:30:00,2026-01-12 13:30:00,2026-01-12 14:00:00
INC0010111,Abraham Lincoln,Software,Email,2,2,2,1,Email journaling service stopped archiving messages,Compliance email archive not receiving messages for past 24 hours. Legal hold at risk.,Beth Anglin,Email Support,2026-01-13 08:00:00,,
INC0010112,Adela Cervantsz,Network,BGP,1,1,1,2,BGP peer session dropped to upstream provider,Upstream BGP session dropped. Internet traffic rerouting through secondary path with higher latency.,Don Goodliffe,Network Infrastructure,2026-01-13 08:30:00,,
INC0010113,Abel Tuter,Hardware,CPU,1,2,2,1,High CPU temperature warning on production server,Server CPU temperature at 90C. Thermal paste dried out. Fan replacement and paste reapplication.,Fred Luddy,Server Team,2026-01-13 09:00:00,,
INC0010114,Aileen Mottern,Software,Database,2,2,2,2,Database index fragmentation causing slow queries,Query times increased 5x this week. Index fragmentation at 87%. Rebuild job scheduled tonight.,Beth Anglin,Database Admin,2026-01-13 09:30:00,,
INC0010115,Abraham Lincoln,Hardware,Barcode,3,3,4,6,Barcode scanner not reading QR codes in warehouse,Warehouse scanner firmware outdated. Updated firmware and QR scanning now working correctly.,Don Goodliffe,Hardware Support,2026-01-13 10:00:00,2026-01-13 11:00:00,2026-01-13 11:30:00
INC0010116,Adela Cervantsz,Software,Compliance,1,1,1,1,Data encryption service stopped on file shares,File share encryption service stopped. Unencrypted data exposure risk. Compliance breach potential.,Fred Luddy,Security Team,2026-01-13 10:30:00,,
INC0010117,Abel Tuter,Network,NAT,2,2,2,1,NAT table overflow causing connection drops,NAT table at 100% capacity. New connections being dropped. Timeout values being adjusted.,Beth Anglin,Network Infrastructure,2026-01-13 11:00:00,,
INC0010118,Aileen Mottern,Software,Scheduler,2,2,2,2,Batch processing scheduler missed 3 nightly jobs,Cron scheduler skipped jobs at 2am 3am and 4am. Jobs run manually. Root cause under analysis.,Don Goodliffe,Platform Team,2026-01-13 11:30:00,,
INC0010119,Abraham Lincoln,Hardware,Wacom,3,3,4,6,Drawing tablet not responding in design software,Wacom tablet driver conflict with latest Windows update. Rolled back driver and tablet works.,Fred Luddy,Hardware Support,2026-01-13 12:00:00,2026-01-13 13:30:00,2026-01-13 14:00:00
INC0010120,Adela Cervantsz,Software,Portal,2,2,2,1,Customer portal login page throwing CSRF errors,Customers reporting login failures with CSRF token mismatch error. Session handling bug found.,Beth Anglin,Web Team,2026-01-13 12:30:00,,
INC0010121,Abel Tuter,Software,ERP,1,1,1,1,ERP production down for 45 minutes unplanned,Unplanned ERP outage. Root cause identified as failed DB connection string. Service restored.,Don Goodliffe,ERP Support,2026-01-14 08:00:00,,
INC0010122,Aileen Mottern,Network,DNS,2,2,2,2,DNS TTL too low causing excessive DNS queries,DNS server under heavy load due to 30-second TTL on all records. TTL values being increased.,Fred Luddy,Network Support,2026-01-14 08:30:00,,
INC0010123,Abraham Lincoln,Hardware,NAS,1,1,1,1,NAS device offline - all network shares unavailable,Network attached storage offline. All department shares inaccessible. 120 users affected.,Beth Anglin,Server Team,2026-01-14 09:00:00,,
INC0010124,Adela Cervantsz,Software,Container,2,2,2,2,Docker container failing to start after image update,Updated container image fails health check and exits. Previous image pinned as workaround.,Don Goodliffe,DevOps Team,2026-01-14 09:30:00,,
INC0010125,Abel Tuter,Hardware,Forklift,2,2,2,1,Warehouse forklift terminal screen cracked and unreadable,Forklift mounted terminal screen damaged. Warehouse operations slowed. Replacement unit ordered.,Fred Luddy,Hardware Support,2026-01-14 10:00:00,,
INC0010126,Aileen Mottern,Software,IAM,1,1,1,2,Privileged access management vault inaccessible,PAM vault unreachable. Ops team cannot retrieve credentials for critical system maintenance.,Beth Anglin,Security Team,2026-01-14 10:30:00,,
INC0010127,Abraham Lincoln,Network,SNMP,2,3,3,1,SNMP monitoring not collecting data from network devices,Network monitoring system showing no data from 30 switches. SNMP community string changed.,Don Goodliffe,Monitoring Team,2026-01-14 11:00:00,,
INC0010128,Adela Cervantsz,Software,Web,2,2,2,2,Web application session timeout set too short,Users logged out every 10 minutes. Session timeout should be 4 hours per policy. Config updated.,Fred Luddy,Web Team,2026-01-14 11:30:00,,
INC0010129,Abel Tuter,Hardware,Thin Client,3,3,4,6,Thin client not connecting to virtual desktop,Citrix thin client connection failing for 1 user. Profile reset resolved the connection issue.,Beth Anglin,Desktop Support,2026-01-14 12:00:00,2026-01-14 13:00:00,2026-01-14 13:30:00
INC0010130,Aileen Mottern,Software,Compliance,2,2,2,1,GDPR data retention policy not auto-deleting expired records,Records past retention date not being purged. Manual review required. Policy script debugging.,Don Goodliffe,Compliance Team,2026-01-14 12:30:00,,
INC0010131,Abraham Lincoln,Software,API,1,1,1,1,Payment gateway API returning invalid signature errors,Online checkout broken. Payment API rejecting transactions. Merchant key may have rotated.,Fred Luddy,Integration Team,2026-01-15 08:00:00,,
INC0010132,Adela Cervantsz,Network,IPv6,2,2,2,2,IPv6 routing table corruption after router reboot,IPv6 routes missing after maintenance window reboot. Static routes need to be re-added.,Beth Anglin,Network Infrastructure,2026-01-15 08:30:00,,
INC0010133,Abel Tuter,Hardware,Printer,2,2,2,1,High-volume printer jammed and showing maintenance error,Production printer showing E7 maintenance error and not printing. Engineer visit scheduled.,Don Goodliffe,Hardware Support,2026-01-15 09:00:00,,
INC0010134,Aileen Mottern,Software,SIEM,1,1,1,2,SIEM alert rules not triggering on known threat indicators,Security SIEM not alerting on IOC matches. Rule compilation error found. Security gap active.,Fred Luddy,Security Team,2026-01-15 09:30:00,,
INC0010135,Abraham Lincoln,Hardware,Terminal,3,3,4,6,Point of sale terminal rebooting during transactions,POS terminal in cafeteria rebooting mid-transaction. Power adapter replaced. Now stable.,Beth Anglin,Hardware Support,2026-01-15 10:00:00,2026-01-15 11:30:00,2026-01-15 12:00:00
INC0010136,Adela Cervantsz,Software,Storage,2,2,2,1,Object storage bucket access denied for application,S3 bucket returning access denied despite correct IAM policy. Policy propagation delay suspected.,Don Goodliffe,Cloud Team,2026-01-15 10:30:00,,
INC0010137,Abel Tuter,Network,Syslog,3,3,4,6,Syslog server disk full stopping log collection,Syslog server disk at 100%. Old logs archived to cold storage. Collection resumed.,Fred Luddy,Monitoring Team,2026-01-15 11:00:00,2026-01-15 12:00:00,2026-01-15 12:30:00
INC0010138,Aileen Mottern,Software,Virtualization,1,1,1,1,ESXi host in purple screen of death - VMs migrated,ESXi host crashed with PSOD. VMs vMotioned to other hosts. Root cause analysis started.,Beth Anglin,Virtualization Team,2026-01-15 11:30:00,,
INC0010139,Abraham Lincoln,Hardware,UPS,2,2,2,2,UPS in network closet on floor 2 showing overload,Floor 2 network closet UPS at 110% load. Non-critical devices being moved to wall power.,Don Goodliffe,Facilities IT,2026-01-15 12:00:00,,
INC0010140,Adela Cervantsz,Software,Search,3,3,4,6,Enterprise search returning no results for all queries,Elasticsearch index corrupted. Index rebuilt from source data. Search now working correctly.,Fred Luddy,Platform Team,2026-01-15 12:30:00,2026-01-15 14:30:00,2026-01-15 15:00:00
INC0010141,Abel Tuter,Software,ERP,2,2,2,1,Purchase order workflow not routing to correct approver,PO approval routing to wrong manager after org chart update. Workflow rules need updating.,Beth Anglin,ERP Support,2026-01-16 08:00:00,,
INC0010142,Aileen Mottern,Network,Routing,1,1,1,2,Asymmetric routing causing SSL inspection failures,SSL inspection breaking app traffic due to asymmetric routing. Routing policy being corrected.,Don Goodliffe,Network Security,2026-01-16 08:30:00,,
INC0010143,Abraham Lincoln,Hardware,CCTV,2,2,2,1,CCTV cameras offline in parking garage,4 parking garage cameras offline after power surge. DVR unit needs replacement.,Fred Luddy,Physical Security,2026-01-16 09:00:00,,
INC0010144,Adela Cervantsz,Software,Automation,1,1,1,2,RPA bot processing wrong data set in payroll run,RPA bot picked up last months payroll file. Process halted before completion. Data corrected.,Beth Anglin,Automation Team,2026-01-16 09:30:00,,
INC0010145,Abel Tuter,Hardware,Smartcard,3,3,4,6,Smartcard reader not working for building access,Lobby smartcard reader firmware outdated. Updated firmware and all cards now reading correctly.,Don Goodliffe,Physical Security,2026-01-16 10:00:00,2026-01-16 11:00:00,2026-01-16 11:30:00
INC0010146,Aileen Mottern,Software,Database,2,2,2,1,Read replica out of sync with primary database,Reporting database replica showing 6-hour lag. Reports pulling stale data. Replication reset.,Fred Luddy,Database Admin,2026-01-16 10:30:00,,
INC0010147,Abraham Lincoln,Network,IPsec,1,1,1,1,Site to site IPsec VPN between offices completely down,Full VPN failure between HQ and Chicago office. All inter-office traffic down. ISP ticket raised.,Beth Anglin,Network Infrastructure,2026-01-16 11:00:00,,
INC0010148,Adela Cervantsz,Software,Logging,2,3,3,2,Application error logs not capturing exception stack traces,Error logs showing generic messages without stack traces. Log level misconfigured. Fixed.,Don Goodliffe,Platform Team,2026-01-16 11:30:00,,
INC0010149,Abel Tuter,Hardware,GPU Server,1,1,1,1,ML training GPU server overheating and throttling,GPU cluster temperatures at 95C. ML training jobs running 3x slower. Cooling duct blocked.,Fred Luddy,Server Team,2026-01-16 12:00:00,,
INC0010150,Aileen Mottern,Software,Chat,3,3,4,6,Slack integration with JIRA not posting updates,JIRA to Slack webhook broken after JIRA upgrade. Webhook URL regenerated and integration working.,Beth Anglin,Integration Team,2026-01-16 12:30:00,2026-01-16 14:00:00,2026-01-16 14:30:00
INC0010151,Abraham Lincoln,Software,ERP,2,2,2,1,Goods receipt not updating inventory after PO completion,Inventory levels not reflecting received goods. ERP posting error in goods receipt module.,Don Goodliffe,ERP Support,2026-01-17 08:00:00,,
INC0010152,Adela Cervantsz,Network,Packet Loss,1,1,1,2,25 percent packet loss on core network switch uplinks,Core switch showing heavy packet loss on uplinks. Duplex mismatch found. Being corrected.,Fred Luddy,Network Infrastructure,2026-01-17 08:30:00,,
INC0010153,Abel Tuter,Hardware,Laptop,2,2,2,1,Laptop screen hinge broken affecting usability,Laptop screen hinge cracked. Screen about to detach. Warranty claim submitted for repair.,Beth Anglin,Hardware Support,2026-01-17 09:00:00,,
INC0010154,Aileen Mottern,Software,Identity,1,1,1,1,Privileged user account used outside approved window,Admin account login detected outside maintenance window. Security incident opened. Account locked.,Don Goodliffe,Security Team,2026-01-17 09:30:00,,
INC0010155,Abraham Lincoln,Hardware,Microphone,3,3,4,6,Conference room microphone echo during calls,Conference room mic causing echo feedback. Acoustic settings adjusted in room system.,Fred Luddy,Hardware Support,2026-01-17 10:00:00,2026-01-17 10:45:00,2026-01-17 11:00:00
INC0010156,Adela Cervantsz,Software,API,2,2,2,1,Third party API rate limit exceeded causing failures,External weather data API returning 429 errors. Application request rate needs throttling.,Beth Anglin,Integration Team,2026-01-17 10:30:00,,
INC0010157,Abel Tuter,Network,ARP,1,1,1,1,ARP spoofing attack detected on internal network,Security tool detected ARP spoofing. Attacker intercepting traffic on VLAN 10. Port isolated.,Don Goodliffe,Network Security,2026-01-17 11:00:00,,
INC0010158,Aileen Mottern,Software,Certificate,2,2,2,2,Internal CA root certificate expiring in 7 days,Internal certificate authority root cert expires next week. All internal certs need renewal.,Fred Luddy,Security Team,2026-01-17 11:30:00,,
INC0010159,Abraham Lincoln,Hardware,Battery Pack,2,2,2,1,External battery pack for field devices not holding charge,Field worker battery packs draining in 2 hours instead of 8. Batch failure. Replacement ordered.,Beth Anglin,Hardware Support,2026-01-17 12:00:00,,
INC0010160,Adela Cervantsz,Software,Monitoring,3,3,4,6,False positive alerts flooding on-call paging,Monitoring generating 200 false alerts per hour. Alert threshold tuned and noise reduced.,Don Goodliffe,Monitoring Team,2026-01-17 12:30:00,2026-01-17 14:00:00,2026-01-17 14:30:00
INC0010161,Abel Tuter,Software,ERP,1,1,1,1,ERP tax calculation module applying wrong tax rates,Invoices going out with incorrect tax rates after year-end tax table update. Finance alerted.,Fred Luddy,ERP Support,2026-01-18 08:00:00,,
INC0010162,Aileen Mottern,Network,Load,1,1,1,2,Load balancer VIP unresponsive under high traffic,LB VIP dropping connections during morning peak. Session table full. Rate limiting applied.,Beth Anglin,Network Infrastructure,2026-01-18 08:30:00,,
INC0010163,Abraham Lincoln,Hardware,Display,2,2,2,1,Digital signage display showing wrong content,Reception digital display stuck showing last weeks content. CMS connection issue. Resolved.,Don Goodliffe,Hardware Support,2026-01-18 09:00:00,,
INC0010164,Adela Cervantsz,Software,Cloud,2,2,2,2,Cloud cost anomaly detected - bill 300 percent above forecast,AWS bill for December 3x expected. Investigation found orphaned EC2 instances. Being terminated.,Fred Luddy,Cloud Team,2026-01-18 09:30:00,,
INC0010165,Abel Tuter,Hardware,Stylus,3,3,4,6,Surface pen not working after Windows update,Surface pen stopped working after update. Bluetooth re-pair and driver update resolved issue.,Beth Anglin,Hardware Support,2026-01-18 10:00:00,2026-01-18 11:00:00,2026-01-18 11:30:00
INC0010166,Aileen Mottern,Software,ITSM,1,1,1,1,ServiceNow major incident process not triggering automatically,Major incident criteria met but process not auto-triggering. Manual workaround in place.,Don Goodliffe,Platform Team,2026-01-18 10:30:00,,
INC0010167,Abraham Lincoln,Network,NTP,2,2,2,1,NTP time sync drift causing authentication failures,Kerberos auth failures due to clock skew over 5 minutes. NTP server pointing to wrong source.,Fred Luddy,Network Infrastructure,2026-01-18 11:00:00,,
INC0010168,Adela Cervantsz,Software,Pipeline,2,2,2,2,Data pipeline dropping records during peak ingestion,ETL pipeline losing 5% of records at peak load. Buffer overflow in message queue.,Beth Anglin,Data Engineering,2026-01-18 11:30:00,,
INC0010169,Abel Tuter,Hardware,Rack PDU,1,1,1,1,Rack PDU outlet failed on critical application server,Single PDU outlet failed. Server on single power path. Second PDU outlet being connected.,Don Goodliffe,Facilities IT,2026-01-18 12:00:00,,
INC0010170,Aileen Mottern,Software,Notification,3,3,4,6,Push notifications not working in employee mobile app,Mobile app push notifications stopped on Android. FCM token expiry. Token refresh logic fixed.,Fred Luddy,Mobile Support,2026-01-18 12:30:00,2026-01-18 14:00:00,2026-01-18 14:30:00
INC0010171,Abraham Lincoln,Software,ERP,2,2,2,1,Vendor portal not accepting EDI 850 transactions,EDI purchase orders being rejected by vendor portal. X12 mapping needs update after vendor change.,Beth Anglin,Integration Team,2026-01-19 08:00:00,,
INC0010172,Adela Cervantsz,Network,VLAN,1,1,1,2,VLAN misconfiguration isolating finance network segment,Finance VLAN tagged incorrectly on trunk port. Finance team isolated from core systems.,Don Goodliffe,Network Infrastructure,2026-01-19 08:30:00,,
INC0010173,Abel Tuter,Hardware,Label Printer,3,3,4,6,Label printer in shipping not connecting to network,Zebra label printer offline. Static IP conflict found. Assigned new IP and printer online.,Fred Luddy,Hardware Support,2026-01-19 09:00:00,2026-01-19 10:00:00,2026-01-19 10:30:00
INC0010174,Aileen Mottern,Software,Authentication,1,1,1,1,SAML assertion validation failing for federated users,Partner federated login broken after certificate rotation. SAML metadata needs updating.,Beth Anglin,Identity Team,2026-01-19 09:30:00,,
INC0010175,Abraham Lincoln,Hardware,Server,2,2,2,2,Server BIOS update causing POST failure on boot,Server stuck at POST after BIOS update. BIOS recovery mode initiated. Vendor support engaged.,Don Goodliffe,Server Team,2026-01-19 10:00:00,,
INC0010176,Adela Cervantsz,Software,Webhook,2,3,3,1,Webhook payloads not being received by application,Outbound webhooks from SaaS tool not reaching internal endpoint. Firewall rule missing.,Fred Luddy,Integration Team,2026-01-19 10:30:00,,
INC0010177,Abel Tuter,Network,Segment,1,1,1,1,Network segmentation breach detected between VLANs,Traffic leaking between production and development VLANs. Security control gap. Isolating now.,Beth Anglin,Network Security,2026-01-19 11:00:00,,
INC0010178,Aileen Mottern,Software,License,2,2,2,2,CAD software license checkouts exceeding available seats,Engineering team unable to open CAD tools. All 50 licenses checked out. Concurrent use issue.,Don Goodliffe,Software Support,2026-01-19 11:30:00,,
INC0010179,Abraham Lincoln,Hardware,Network,2,2,2,1,PoE switch port not powering IP phone on desk 412,IP phone at desk 412 not powering on. PoE budget on switch at capacity. Port prioritized.,Fred Luddy,Hardware Support,2026-01-19 12:00:00,,
INC0010180,Adela Cervantsz,Software,Sync,3,3,4,6,SharePoint library not syncing to OneDrive on desktop,OneDrive desktop app not syncing SharePoint library. Reset sync client and files now syncing.,Beth Anglin,Software Support,2026-01-19 12:30:00,2026-01-19 13:30:00,2026-01-19 14:00:00
INC0010181,Abel Tuter,Software,AI,2,2,2,1,AI chatbot returning hallucinated responses in production,Customer-facing AI bot giving incorrect product information. Guardrails need tightening.,Don Goodliffe,AI Platform Team,2026-01-20 08:00:00,,
INC0010182,Aileen Mottern,Network,DDoS,1,1,1,2,DDoS attack targeting public-facing web server,Volumetric DDoS detected. 50 Gbps attack traffic. DDoS scrubbing service activated.,Fred Luddy,Network Security,2026-01-20 08:30:00,,
INC0010183,Abraham Lincoln,Hardware,Tablet,3,3,4,6,Tablet screen cracked after being dropped in field,Field technician dropped iPad. Screen cracked but usable. Replacement ordered via insurance.,Beth Anglin,Hardware Support,2026-01-20 09:00:00,2026-01-20 10:00:00,2026-01-20 10:30:00
INC0010184,Adela Cervantsz,Software,Database,1,1,1,1,Database transaction log full causing write failures,SQL Server transaction log full. Writes failing across all tables. Log backup running now.,Don Goodliffe,Database Admin,2026-01-20 09:30:00,,
INC0010185,Abel Tuter,Network,Cable,2,2,2,2,Damaged ethernet cable causing intermittent connectivity,Cat6 cable between patch panel and switch showing CRC errors. Cable replacement scheduled.,Fred Luddy,Network Support,2026-01-20 10:00:00,,
INC0010186,Aileen Mottern,Software,Deployment,2,2,2,1,Blue-green deployment switch causing 404 errors,New deployment has broken URL routing. 20% of traffic hitting 404. Rollback in progress.,Beth Anglin,DevOps Team,2026-01-20 10:30:00,,
INC0010187,Abraham Lincoln,Hardware,Printer,1,2,2,1,Legal department high-speed printer completely offline,Legal dept printer offline day before major filing deadline. Technician dispatched urgently.,Don Goodliffe,Hardware Support,2026-01-20 11:00:00,,
INC0010188,Adela Cervantsz,Software,Analytics,2,2,2,2,Real-time analytics dashboard showing incorrect totals,KPI dashboard double-counting transactions. Aggregation query bug found. Fix being tested.,Fred Luddy,BI Team,2026-01-20 11:30:00,,
INC0010189,Abel Tuter,Hardware,Fiber Switch,1,1,1,1,Core fiber switch showing multiple port errors,Core fiber switch port errors increasing rapidly. Switch replacement being planned urgently.,Beth Anglin,Network Infrastructure,2026-01-20 12:00:00,,
INC0010190,Aileen Mottern,Software,Middleware,3,3,4,6,Message broker queue depth growing causing delays,RabbitMQ queue backed up. Consumer service restarted and messages now processing normally.,Don Goodliffe,Integration Team,2026-01-20 12:30:00,2026-01-20 14:00:00,2026-01-20 14:30:00
INC0010191,Abraham Lincoln,Software,ERP,2,2,2,1,Customer master data showing duplicate accounts,ERP showing 150 duplicate customer accounts after data migration. Deduplication job needed.,Fred Luddy,ERP Support,2026-01-21 08:00:00,,
INC0010192,Adela Cervantsz,Network,DNS,1,1,1,2,DNS poisoning attack detected on public resolver,DNS cache poisoning attack in progress. Public resolver being switched to secure DNS over HTTPS.,Beth Anglin,Network Security,2026-01-21 08:30:00,,
INC0010193,Abel Tuter,Hardware,Router,1,1,1,1,Edge router rebooting spontaneously every 2 hours,Edge router crashing and rebooting. Memory leak suspected. IOS upgrade being applied.,Don Goodliffe,Network Infrastructure,2026-01-21 09:00:00,,
INC0010194,Aileen Mottern,Software,Portal,2,2,2,2,IT service catalog not loading for end users,Service catalog returning blank page. Glide content block rendering issue. Fix deployed.,Fred Luddy,Platform Team,2026-01-21 09:30:00,,
INC0010195,Abraham Lincoln,Hardware,Laptop,3,3,4,6,Laptop speakers producing static noise during audio,Laptop audio driver conflict causing static. Driver reinstalled from manufacturer site. Clear now.,Beth Anglin,Hardware Support,2026-01-21 10:00:00,2026-01-21 11:00:00,2026-01-21 11:30:00
INC0010196,Adela Cervantsz,Software,Security,1,1,1,1,SQL injection vulnerability found in production web app,Penetration test found SQL injection in customer search API. Emergency patch being developed.,Don Goodliffe,Security Team,2026-01-21 10:30:00,,
INC0010197,Abel Tuter,Network,Peering,2,2,2,1,Internet peering agreement change affecting routing,New ISP peering config causing suboptimal routing to cloud providers. BGP policy update needed.,Fred Luddy,Network Infrastructure,2026-01-21 11:00:00,,
INC0010198,Aileen Mottern,Software,Testing,2,2,2,2,UAT environment data out of sync with production schema,UAT database missing 3 new columns from production. Schema migration script needs to be run.,Beth Anglin,QA Team,2026-01-21 11:30:00,,
INC0010199,Abraham Lincoln,Hardware,Access Point,2,2,2,1,Wireless access point dropping all clients every hour,AP in building C rebooting hourly. Firmware bug. Downgrade to stable version scheduled.,Don Goodliffe,Network Support,2026-01-21 12:00:00,,
INC0010200,Adela Cervantsz,Software,ITSM,3,3,4,6,SLA breach notifications not sending for P2 incidents,P2 SLA breach emails not firing. Notification rule condition updated and tested successfully.,Fred Luddy,Platform Team,2026-01-21 12:30:00,2026-01-21 14:00:00,2026-01-21 14:30:00
